num,date,time,track,beam,start_dt,stop_dt,central_dt,central_lat,central_lon,fname,seg_start,seg_stop,width
0,20200622,00:49.9,1340,3,78044449.82,78044449.98,78044449.9,72.3,-127.297,ATL03_20200622065847_13400705_003_01.h5,50,61,110
1,20200622,00:50.1,1340,3,78044450.02,78044450.18,78044450.1,72.287,-127.303,ATL03_20200622065847_13400705_003_01.h5,53,61,80
2,20200622,00:50.2,1340,3,78044450.09,78044450.24,78044450.17,72.283,-127.305,ATL03_20200622065847_13400705_003_01.h5,48,53,50
3,20200622,00:50.2,1340,3,78044450.1,78044450.26,78044450.18,72.282,-127.305,ATL03_20200622065847_13400705_003_01.h5,49,56,70
4,20200622,00:52.2,1340,1,78044452.15,78044452.31,78044452.23,72.147,-127.172,ATL03_20200622065847_13400705_003_01.h5,48,63,150
5,20200623,23:34.4,1353,1,78117814.31,78117814.47,78117814.39,83.584,-61.477,ATL03_20200623031924_13530704_003_01,42,54,120
6,20200623,23:37.9,1353,1,78117817.86,78117818.02,78117817.94,83.37,-62.106,ATL03_20200623031924_13530704_003_01,43,55,120
7,20200624,29:15.9,1376,1,78247755.77,78247755.94,78247755.86,84.418,-103.395,ATL03_20200624152803_13760704_003_01.h5,63,67,40
8,20200624,32:31.7,1369,3,78208351.66,78208351.82,78208351.74,82.431,-82.811,ATL03_20200624042802_13690704_003_01.h5,46,70,240
9,20200624,54:39.2,1375,3,78242079.08,78242079.24,78242079.16,83.28,-75.459,ATL03_20200624135346_13750704_003_01.h5,49,56,70
10,20200624,54:55.4,1375,1,78242095.35,78242095.52,78242095.43,84.236,-79.082,ATL03_20200624135346_13750704_003_01.h5,45,62,170
11,20200624,58:10.7,1368,1,78202690.59,78202690.75,78202690.67,82.638,-58.267,ATL03_20200624025344_13680704_003_01.h5,47,62,150
12,20200625,02:56.2,4,1,78332576.17,78332576.33,78332576.25,81.995,-90.898,ATL03_20200625150224_00040804_003_01.h5,57,71,140
13,20200625,03:12.7,4,1,78332592.66,78332592.83,78332592.74,83.002,-93.14,ATL03_20200625150224_00040804_003_01.h5,56,64,80
14,20200625,41:45.0,1385,1,78298904.95,78298905.11,78298905.03,80.24,-103.963,ATL03_20200625053640_13850704_003_01.h5,53,61,80
15,20200625,41:45.2,1385,1,78298905.09,78298905.25,78298905.17,80.231,-103.975,ATL03_20200625053640_13850704_003_01.h5,59,65,60
16,20200626,03:16.5,18,3,78411796.39,78411796.55,78411796.47,83.037,-63.406,ATL03_20200626130227_00180804_003_01.h5,53,64,110
17,20200626,03:17.5,18,1,78411797.43,78411797.59,78411797.51,83.081,-64.023,ATL03_20200626130227_00180804_003_01.h5,60,69,90
18,20200626,03:17.8,18,1,78411797.71,78411797.87,78411797.79,83.098,-64.068,ATL03_20200626130227_00180804_003_01.h5,55,66,110
19,20200626,03:18.2,18,1,78411798.07,78411798.24,78411798.15,83.12,-64.126,ATL03_20200626130227_00180804_003_01.h5,61,70,90
20,20200626,03:18.4,18,1,78411798.29,78411798.45,78411798.37,83.133,-64.16,ATL03_20200626130227_00180804_003_01.h5,56,65,90
21,20200626,03:18.5,18,3,78411798.38,78411798.54,78411798.46,83.158,-63.714,ATL03_20200626130227_00180804_003_01.h5,65,74,90
22,20200626,03:22.3,18,1,78411802.25,78411802.42,78411802.34,83.373,-64.819,ATL03_20200626130227_00180804_003_01.h5,63,72,90
23,20200626,03:22.4,18,1,78411802.29,78411802.45,78411802.37,83.375,-64.825,ATL03_20200626130227_00180804_003_01.h5,53,61,80
24,20200626,03:23.3,18,1,78411803.18,78411803.35,78411803.27,83.429,-64.981,ATL03_20200626130227_00180804_003_01.h5,56,61,50
25,20200626,03:24.2,18,1,78411804.16,78411804.33,78411804.24,83.488,-65.154,ATL03_20200626130227_00180804_003_01.h5,65,71,60
26,20200626,03:24.3,18,1,78411804.26,78411804.43,78411804.34,83.494,-65.172,ATL03_20200626130227_00180804_003_01.h5,52,63,110
27,20200626,03:25.0,18,1,78411804.96,78411805.12,78411805.04,83.536,-65.297,ATL03_20200626130227_00180804_003_01.h5,59,69,100
28,20200626,06:17.9,11,1,78372377.83,78372378,78372377.91,84.673,-40.311,ATL03_20200626020225_00110804_003_01.h5,51,61,100
29,20200626,06:19.8,11,1,78372379.68,78372379.85,78372379.76,84.564,-40.788,ATL03_20200626020225_00110804_003_01.h5,61,66,50
30,20200626,06:20.7,11,3,78372380.57,78372380.74,78372380.66,84.531,-41.589,ATL03_20200626020225_00110804_003_01.h5,56,69,130
32,20200626,06:33.9,11,3,78372393.84,78372394,78372393.92,83.739,-44.414,ATL03_20200626020225_00110804_003_01,58,71,130
34,20200626,06:37.3,11,3,78372397.17,78372397.34,78372397.26,83.538,-45.019,ATL03_20200626020225_00110804_003_01.h5,58,71,130
36,20200626,06:38.7,11,3,78372398.66,78372398.83,78372398.74,83.448,-45.276,ATL03_20200626020225_00110804_003_01.h5,57,64,70
37,20200626,06:38.8,11,3,78372398.76,78372398.93,78372398.84,83.442,-45.293,ATL03_20200626020225_00110804_003_01.h5,53,70,170
38,20200626,06:43.0,11,3,78372402.92,78372403.08,78372403,83.19,-45.978,ATL03_20200626020225_00110804_003_01,45,66,210
40,20200626,06:43.4,11,3,78372403.32,78372403.48,78372403.4,83.166,-46.039,ATL03_20200626020225_00110804_003_01.h5,49,65,160
41,20200626,06:43.8,11,1,78372403.72,78372403.89,78372403.8,83.126,-45.632,ATL03_20200626020225_00110804_003_01,50,63,130
42,20200626,11:43.4,20,3,78423103.3,78423103.47,78423103.39,82.556,-109.501,ATL03_20200626161102_00200804_003_01.h5,59,65,60
43,20200626,11:45.7,20,1,78423105.63,78423105.8,78423105.72,82.68,-110.252,ATL03_20200626161102_00200804_003_01.h5,54,63,90
44,20200626,15:38.2,13,3,78383738.09,78383738.26,78383738.18,81.951,-95.961,ATL03_20200626051100_00130804_003_01.h5,55,67,120
45,20200626,15:45.3,13,3,78383745.22,78383745.38,78383745.3,81.512,-96.738,ATL03_20200626051100_00130804_003_01.h5,51,65,140
46,20200626,15:45.4,13,3,78383745.32,78383745.48,78383745.4,81.506,-96.749,ATL03_20200626051100_00130804_003_01.h5,48,60,120
47,20200626,15:56.4,13,3,78383756.36,78383756.52,78383756.44,80.824,-97.812,ATL03_20200626051100_00130804_003_01.h5,56,66,100
48,20200626,15:57.2,13,1,78383757.1,78383757.26,78383757.18,80.767,-97.521,ATL03_20200626051100_00130804_003_01.h5,47,57,100
49,20200626,15:57.7,13,1,78383757.63,78383757.79,78383757.71,80.734,-97.569,ATL03_20200626051100_00130804_003_01.h5,53,67,140
50,20200626,15:57.7,13,2,78383757.62,78383757.78,78383757.7,80.74,-97.747,ATL03_20200626051100_00130804_003_01.h5,52,64,120
51,20200626,15:58.4,13,2,78383758.3,78383758.46,78383758.38,80.698,-97.807,ATL03_20200626051100_00130804_003_01.h5,82,88,60
52,20200626,15:58.5,13,2,78383758.45,78383758.61,78383758.53,80.689,-97.819,ATL03_20200626051100_00130804_003_01.h5,48,59,110
53,20200626,15:59.7,13,1,78383759.65,78383759.81,78383759.73,80.609,-97.748,ATL03_20200626051100_00130804_003_01.h5,58,64,60
54,20200626,16:01.7,13,3,78383761.63,78383761.79,78383761.71,80.497,-98.269,ATL03_20200626051100_00130804_003_01.h5,58,71,130
55,20200627,11:51.6,34,3,78502311.55,78502311.71,78502311.63,82.85,-80.859,ATL03_20200627141105_00340804_003_01.h5,51,61,100
56,20200627,15:21.9,27,1,78462921.8,78462921.97,78462921.89,83.139,-63.519,ATL03_20200627031104_00270804_003_01,50,64,140
57,20200627,15:23.1,27,3,78462923.03,78462923.19,78462923.11,83.08,-64.181,ATL03_20200627031104_00270804_003_01,46,57,110
58,20200627,15:23.9,27,3,78462923.85,78462924.02,78462923.93,83.03,-64.307,ATL03_20200627031104_00270804_003_01,49,67,180
59,20200627,15:24.8,27,3,78462924.67,78462924.84,78462924.76,82.98,-64.431,ATL03_20200627031104_00270804_003_01,62,70,80
60,20200627,38:19.8,33,3,78496699.67,78496699.85,78496699.76,85.553,-67.727,ATL03_20200627123648_00330804_003_01.h5,67,74,70
61,20200627,45:26.0,35,1,78507925.9,78507926.06,78507925.98,80.182,-100.2,ATL03_20200627154523_00350804_003_01.h5,53,67,140
62,20200627,45:34.3,35,3,78507934.24,78507934.4,78507934.32,80.714,-100.562,ATL03_20200627154523_00350804_003_01.h5,54,65,110
63,20200628,11:58.6,48,3,78581518.54,78581518.71,78581518.62,83.068,-52.071,ATL03_20200628121109_00480804_003_01,53,65,120
64,20200628,12:02.0,48,3,78581521.95,78581522.12,78581522.03,83.275,-52.609,ATL03_20200628121109_00480804_003_01,58,69,110
65,20200628,12:03.9,48,3,78581523.87,78581524.03,78581523.95,83.391,-52.927,ATL03_20200628121109_00480804_003_01,55,70,150
66,20200628,12:06.4,48,1,78581526.32,78581526.48,78581526.4,83.519,-53.833,ATL03_20200628121109_00480804_003_01,56,75,190
67,20200628,12:06.7,48,1,78581526.58,78581526.75,78581526.67,83.535,-53.881,ATL03_20200628121109_00480804_003_01,58,68,100
68,20200628,12:06.8,48,1,78581526.72,78581526.88,78581526.8,83.543,-53.905,ATL03_20200628121109_00480804_003_01,50,60,100
69,20200628,12:11.6,48,1,78581531.56,78581531.73,78581531.65,83.834,-54.823,ATL03_20200628121109_00480804_003_01,53,73,200
70,20200628,12:12.4,48,1,78581532.3,78581532.47,78581532.38,83.878,-54.97,ATL03_20200628121109_00480804_003_01,58,73,150
71,20200628,20:09.9,50,1,78592809.83,78592809.99,78592809.91,81.615,-96.673,ATL03_20200628151943_00500804_003_01,49,63,140
72,20200628,20:20.2,50,1,78592820.08,78592820.24,78592820.16,82.244,-97.879,ATL03_20200628151943_00500804_003_01,48,65,170
73,20200628,20:21.5,50,1,78592821.45,78592821.61,78592821.53,82.328,-98.055,ATL03_20200628151943_00500804_003_01,56,63,70
74,20200628,20:25.7,50,1,78592825.66,78592825.82,78592825.74,82.585,-98.618,ATL03_20200628151943_00500804_003_01,58,62,40
75,20200628,20:28.3,50,1,78592828.22,78592828.38,78592828.3,82.741,-98.979,ATL03_20200628151943_00500804_003_01,54,63,90
76,20200628,20:31.9,50,3,78592831.77,78592831.93,78592831.85,82.976,-99.056,ATL03_20200628151943_00500804_003_01,53,63,100
77,20200628,20:32.6,50,3,78592832.52,78592832.69,78592832.61,83.022,-99.17,ATL03_20200628151943_00500804_003_01,53,64,110
78,20200628,20:36.9,50,3,78592836.84,78592837,78592836.92,83.284,-99.846,ATL03_20200628151943_00500804_003_01,48,60,120
79,20200628,58:54.4,44,3,78559134.32,78559134.48,78559134.4,80.894,-109.906,ATL03_20200628055359_00440804_003_01,58,69,110
80,20200628,58:54.4,44,3,78559134.27,78559134.44,78559134.36,80.897,-109.902,ATL03_20200628055359_00440804_003_01,51,64,130
81,20200628,59:01.4,44,3,78559141.28,78559141.44,78559141.36,80.463,-110.511,ATL03_20200628055359_00440804_003_01,51,61,100
82,20200628,59:09.5,44,1,78559149.45,78559149.62,78559149.53,79.945,-110.83,ATL03_20200628055908_00440805_003_01,50,60,100
83,20200628,59:09.8,44,1,78559149.73,78559149.89,78559149.81,79.928,-110.852,ATL03_20200628055908_00440805_003_01,51,67,160
84,20200628,59:10.1,44,1,78559150.02,78559150.18,78559150.1,79.91,-110.874,ATL03_20200628055908_00440805_003_01,50,59,90
86,20200628,59:11.9,44,2,78559151.87,78559152.03,78559151.95,79.8,-111.177,ATL03_20200628055908_00440805_003_01.h5,53,64,110
87,20200628,59:12.0,44,3,78559151.9,78559152.06,78559151.98,79.803,-111.342,ATL03_20200628055908_00440805_003_01.h5,52,69,170
88,20200628,59:12.7,44,2,78559152.58,78559152.74,78559152.66,79.756,-111.229,ATL03_20200628055908_00440805_003_01.h5,51,64,130
89,20200628,59:12.7,44,3,78559152.64,78559152.8,78559152.72,79.757,-111.396,ATL03_20200628055908_00440805_003_01.h5,48,55,70
90,20200628,59:14.1,44,2,78559154.04,78559154.2,78559154.12,79.665,-111.338,ATL03_20200628055908_00440805_003_01.h5,59,67,80
91,20200628,59:14.5,44,2,78559154.38,78559154.54,78559154.46,79.644,-111.361,ATL03_20200628055908_00440805_003_01,40,54,140
92,20200628,59:14.5,44,3,78559154.41,78559154.57,78559154.49,79.647,-111.524,ATL03_20200628055908_00440805_003_01,50,58,80
93,20200628,59:14.6,44,3,78559154.55,78559154.71,78559154.63,79.638,-111.534,ATL03_20200628055908_00440805_003_01,49,66,170
95,20200628,59:15.5,44,3,78559155.37,78559155.53,78559155.45,79.587,-111.592,ATL03_20200628055908_00440805_003_01.h5,51,62,110
96,20200628,59:16.2,44,3,78559156.09,78559156.26,78559156.17,79.542,-111.642,ATL03_20200628055908_00440805_003_01,41,64,230
99,20200628,59:16.4,44,1,78559156.32,78559156.48,78559156.4,79.518,-111.341,ATL03_20200628055908_00440805_003_01.h5,52,70,180
100,20200628,59:16.5,44,1,78559156.4,78559156.56,78559156.48,79.513,-111.347,ATL03_20200628055908_00440805_003_01.h5,57,70,130
101,20200628,59:17.0,44,2,78559156.93,78559157.09,78559157.01,79.485,-111.542,ATL03_20200628055908_00440805_003_01,51,65,140
103,20200628,59:17.1,44,2,78559157.03,78559157.19,78559157.11,79.479,-111.549,ATL03_20200628055908_00440805_003_01,43,57,140
104,20200628,59:17.7,44,1,78559157.61,78559157.77,78559157.69,79.438,-111.434,ATL03_20200628055908_00440805_003_01,39,53,140
105,20200628,59:17.7,44,3,78559157.65,78559157.81,78559157.73,79.445,-111.752,ATL03_20200628055908_00440805_003_01,48,63,150
107,20200628,59:17.9,44,1,78559157.83,78559158,78559157.91,79.424,-111.45,ATL03_20200628055908_00440805_003_01.h5,50,61,110
109,20200628,59:18.4,44,2,78559158.3,78559158.46,78559158.38,79.4,-111.638,ATL03_20200628055908_00440805_003_01.h5,39,64,250
110,20200628,59:18.7,44,1,78559158.65,78559158.81,78559158.73,79.373,-111.507,ATL03_20200628055908_00440805_003_01,52,61,90
111,20200628,59:26.1,44,2,78559166.05,78559166.21,78559166.13,78.917,-112.153,ATL03_20200628055908_00440805_003_01,50,64,140
112,20200629,20:38.7,64,3,78672038.62,78672038.78,78672038.7,83.193,-70.296,ATL03_20200629131947_00640804_003_01,49,60,110
113,20200629,20:48.4,64,3,78672048.34,78672048.51,78672048.43,83.781,-71.983,ATL03_20200629131947_00640804_003_01,64,78,140
114,20200629,21:02.6,64,3,78672062.52,78672062.69,78672062.6,84.626,-75.077,ATL03_20200629131947_00640804_003_01,58,66,80
115,20200629,23:51.5,57,1,78632631.46,78632631.63,78632631.55,83.852,-49.977,ATL03_20200629021945_00570804_003_01,56,70,140
116,20200629,24:00.1,57,1,78632640.03,78632640.19,78632640.11,83.337,-51.552,ATL03_20200629021945_00570804_003_01,57,67,100
117,20200629,28:09.6,66,2,78683289.5,78683289.66,78683289.58,79.245,-111.119,ATL03_20200629162256_00660803_003_01,57,71,140
118,20200629,28:09.6,66,2,78683289.53,78683289.69,78683289.61,79.247,-111.121,ATL03_20200629162256_00660803_003_01,55,64,90
119,20200629,28:09.9,66,3,78683289.84,78683290,78683289.92,79.273,-110.99,ATL03_20200629162256_00660803_003_01,60,71,110
120,20200629,28:14.3,66,1,78683294.17,78683294.33,78683294.25,79.529,-111.598,ATL03_20200629162256_00660803_003_01,54,67,130
121,20200629,28:21.2,66,1,78683301.07,78683301.24,78683301.15,79.958,-112.113,ATL03_20200629162256_00660803_003_01,55,65,100
122,20200629,28:28.2,66,1,78683308.13,78683308.29,78683308.21,80.396,-112.684,ATL03_20200629162821_00660804_003_01,59,69,100
123,20200629,28:30.4,66,3,78683310.3,78683310.46,78683310.38,80.545,-112.527,ATL03_20200629162821_00660804_003_01,49,60,110
124,20200629,28:30.4,66,3,78683310.36,78683310.52,78683310.44,80.549,-112.532,ATL03_20200629162821_00660804_003_01,55,67,120
125,20200629,28:33.5,66,1,78683313.38,78683313.54,78683313.46,80.721,-113.142,ATL03_20200629162821_00660804_003_01,54,64,100
126,20200629,28:35.2,66,1,78683315.08,78683315.24,78683315.16,80.826,-113.296,ATL03_20200629162821_00660804_003_01,55,66,110
127,20200629,28:35.2,66,3,78683315.12,78683315.28,78683315.2,80.844,-112.947,ATL03_20200629162821_00660804_003_01,46,63,170
128,20200629,28:40.1,66,1,78683320.01,78683320.17,78683320.09,81.131,-113.766,ATL03_20200629162821_00660804_003_01,58,66,80
129,20200629,32:29.0,59,3,78643948.87,78643949.04,78643948.95,83.716,-98.221,ATL03_20200629052820_00590804_003_01,39,55,160
130,20200629,32:38.9,59,1,78643958.78,78643958.94,78643958.86,83.102,-99.43,ATL03_20200629052820_00590804_003_01,52,58,60
131,20200629,32:39.9,59,3,78643959.85,78643960.02,78643959.94,83.052,-100.065,ATL03_20200629052820_00590804_003_01,51,60,90
132,20200629,32:49.5,59,1,78643969.37,78643969.53,78643969.45,82.458,-100.975,ATL03_20200629052820_00590804_003_01,38,53,150
134,20200629,32:55.6,59,1,78643975.47,78643975.63,78643975.55,82.085,-101.755,ATL03_20200629052820_00590804_003_01,49,58,90
135,20200629,32:55.8,59,1,78643975.71,78643975.88,78643975.8,82.07,-101.785,ATL03_20200629052820_00590804_003_01,44,52,80
136,20200629,32:58.7,59,3,78643978.58,78643978.74,78643978.66,81.907,-102.528,ATL03_20200629052820_00590804_003_01,50,61,110
137,20200629,32:59.1,59,1,78643979.04,78643979.2,78643979.12,81.866,-102.178,ATL03_20200629052820_00590804_003_01,49,56,70
138,20200629,33:01.3,59,1,78643981.19,78643981.35,78643981.27,81.734,-102.424,ATL03_20200629052820_00590804_003_01,52,64,120
139,20200629,33:02.2,59,3,78643982.12,78643982.29,78643982.2,81.689,-102.921,ATL03_20200629052820_00590804_003_01,51,65,140
140,20200629,33:06.8,59,1,78643986.71,78643986.88,78643986.79,81.394,-103.02,ATL03_20200629052820_00590804_003_01,54,62,80
141,20200629,33:07.8,59,3,78643987.7,78643987.86,78643987.78,81.345,-103.501,ATL03_20200629052820_00590804_003_01,57,66,90
142,20200629,33:25.7,59,3,78644005.61,78644005.77,78644005.69,80.236,-105.1,ATL03_20200629052820_00590804_003_01,49,64,150
143,20200629,33:25.8,59,3,78644005.74,78644005.9,78644005.82,80.228,-105.111,ATL03_20200629052820_00590804_003_01,44,70,260
144,20200629,33:28.0,59,1,78644007.92,78644008.08,78644008,80.082,-104.947,ATL03_20200629052820_00590804_003_01,59,63,40
145,20200629,54:37.2,65,1,78677677.15,78677677.32,78677677.24,82.027,-91.739,ATL03_20200629145404_00650804_003_01,61,84,230
146,20200629,55:04.4,65,1,78677704.27,78677704.44,78677704.35,83.675,-95.82,ATL03_20200629145404_00650804_003_01,63,73,100
147,20200629,55:05.8,65,3,78677705.67,78677705.84,78677705.75,83.78,-95.585,ATL03_20200629145404_00650804_003_01,54,66,120
148,20200629,55:16.3,65,1,78677716.23,78677716.4,78677716.31,84.388,-98.351,ATL03_20200629145404_00650804_003_01,67,76,90
149,20200629,55:20.3,65,2,78677720.25,78677720.42,78677720.33,84.637,-99.065,ATL03_20200629145404_00650804_003_01,61,72,110
150,20200629,57:53.4,58,3,78638273.35,78638273.52,78638273.44,84.794,-70.583,ATL03_20200629035403_00580804_003_01,51,61,100
151,20200629,58:03.6,58,1,78638283.56,78638283.73,78638283.65,84.171,-72.49,ATL03_20200629035403_00580804_003_01,52,61,90
152,20200629,58:05.7,58,1,78638285.6,78638285.76,78638285.68,84.05,-72.928,ATL03_20200629035403_00580804_003_01,58,67,90
153,20200629,58:19.9,58,3,78638299.83,78638299.99,78638299.91,83.21,-76.051,ATL03_20200629035403_00580804_003_01,49,63,140
154,20200630,02:45.8,81,1,78768165.7,78768165.86,78768165.78,80.212,-106.728,ATL03_20200630160242_00810804_003_01,52,65,130
155,20200630,02:46.9,81,2,78768166.82,78768166.98,78768166.9,80.289,-106.653,ATL03_20200630160242_00810804_003_01,45,63,180
156,20200630,02:49.7,81,3,78768169.65,78768169.81,78768169.73,80.472,-106.718,ATL03_20200630160242_00810804_003_01,50,64,140
157,20200630,03:20.8,81,3,78768200.68,78768200.84,78768200.76,82.386,-109.917,ATL03_20200630160242_00810804_003_01,48,64,160
158,20200630,03:21.0,81,3,78768200.92,78768201.09,78768201,82.401,-109.949,ATL03_20200630160242_00810804_003_01,53,66,130
159,20200630,03:44.5,81,1,78768224.39,78768224.55,78768224.47,83.805,-114.132,ATL03_20200630160242_00810804_003_01,57,69,120
160,20200630,06:29.9,74,3,78728789.78,78728789.95,78728789.87,84.884,-88.063,ATL03_20200630050241_00740804_003_01,60,66,60
161,20200630,06:35.4,74,1,78728795.28,78728795.45,78728795.36,84.541,-88.918,ATL03_20200630050241_00740804_003_01,53,59,60
162,20200630,06:39.9,74,2,78728799.85,78728800.02,78728799.94,84.28,-90.29,ATL03_20200630050241_00740804_003_01,53,62,90
163,20200630,06:51.2,74,1,78728811.16,78728811.33,78728811.24,83.595,-92.328,ATL03_20200630050241_00740804_003_01,54,62,80
164,20200630,06:52.9,74,2,78728812.84,78728813.01,78728812.93,83.502,-92.881,ATL03_20200630050241_00740804_003_01,51,60,90
165,20200630,06:58.7,74,1,78728818.6,78728818.76,78728818.68,83.146,-93.608,ATL03_20200630050241_00740804_003_01,46,64,180
167,20200630,07:21.0,74,3,78728840.94,78728841.1,78728841.02,81.795,-97.025,ATL03_20200630050241_00740804_003_01,49,60,110
168,20200630,07:22.5,74,1,78728842.46,78728842.62,78728842.54,81.689,-96.798,ATL03_20200630050241_00740804_003_01,47,56,90
169,20200630,07:23.4,74,1,78728843.33,78728843.5,78728843.41,81.635,-96.895,ATL03_20200630050241_00740804_003_01,58,68,100
170,20200630,07:29.5,74,3,78728849.37,78728849.53,78728849.45,81.275,-97.906,ATL03_20200630050241_00740804_003_01,51,60,90
171,20200630,07:30.6,74,3,78728850.52,78728850.68,78728850.6,81.204,-98.018,ATL03_20200630050241_00740804_003_01,51,59,80
172,20200630,29:13.0,80,1,78762552.9,78762553.07,78762552.99,82.955,-88.093,ATL03_20200630142825_00800804_003_01,55,63,80
173,20200630,29:29.5,80,3,78762569.41,78762569.57,78762569.49,83.974,-90.441,ATL03_20200630142825_00800804_003_01,55,64,90
174,20200630,32:12.7,73,3,78723132.6,78723132.77,78723132.69,84.869,-64.522,ATL03_20200630032823_00730804_003_01,56,63,70
175,20200630,32:19.8,73,1,78723139.67,78723139.84,78723139.75,84.433,-65.755,ATL03_20200630032823_00730804_003_01,59,66,70
176,20200630,32:25.3,73,3,78723145.23,78723145.4,78723145.32,84.121,-67.566,ATL03_20200630032823_00730804_003_01,58,68,100
177,20200630,32:34.8,73,2,78723154.74,78723154.9,78723154.82,83.542,-69.147,ATL03_20200630032823_00730804_003_01,45,57,120
178,20200630,32:37.4,73,3,78723157.32,78723157.49,78723157.4,83.394,-69.842,ATL03_20200630032823_00730804_003_01,51,64,130
179,20200630,32:37.5,73,3,78723157.44,78723157.6,78723157.52,83.387,-69.861,ATL03_20200630032823_00730804_003_01,49,57,80
180,20200630,32:40.0,73,3,78723159.93,78723160.09,78723160.01,83.236,-70.269,ATL03_20200630032823_00730804_003_01,51,62,110
181,20200701,15:13.4,90,3,78819313.31,78819313.48,78819313.4,84.554,-107.426,ATL03_20200701061119_00900804_003_01.h5,50,60,100
182,20200701,15:22.4,90,3,78819322.33,78819322.5,78819322.42,84.017,-109.443,ATL03_20200701061119_00900804_003_01.h5,55,65,100
183,20200701,15:42.1,90,1,78819341.99,78819342.15,78819342.07,82.814,-112.352,ATL03_20200701061119_00900804_003_01.h5,54,61,70
184,20200701,15:50.8,90,1,78819350.67,78819350.84,78819350.76,82.284,-113.544,ATL03_20200701061119_00900804_003_01.h5,63,71,80
185,20200701,15:50.9,90,1,78819350.84,78819351,78819350.92,82.274,-113.565,ATL03_20200701061119_00900804_003_01.h5,58,63,50
187,20200701,15:51.9,90,3,78819351.78,78819351.94,78819351.86,82.23,-114.103,ATL03_20200701061119_00900804_003_01.h5,65,70,50
188,20200701,15:55.1,90,1,78819355.07,78819355.23,78819355.15,82.015,-114.089,ATL03_20200701061119_00900804_003_01.h5,51,60,90
189,20200701,15:58.4,90,1,78819358.28,78819358.44,78819358.36,81.818,-114.465,ATL03_20200701061119_00900804_003_01.h5,62,69,70
190,20200701,16:08.1,90,1,78819368.02,78819368.18,78819368.1,81.218,-115.508,ATL03_20200701061119_00900804_003_01.h5,52,60,80
191,20200701,16:17.0,90,1,78819376.96,78819377.12,78819377.04,80.666,-116.351,ATL03_20200701061119_00900804_003_01.h5,46,54,80
192,20200701,16:17.5,90,1,78819377.46,78819377.62,78819377.54,80.635,-116.395,ATL03_20200701061119_00900804_003_01.h5,53,60,70
193,20200701,16:21.0,90,1,78819380.96,78819381.12,78819381.04,80.418,-116.699,ATL03_20200701061119_00900804_003_01.h5,55,62,70
194,20200701,16:21.1,90,1,78819381.02,78819381.19,78819381.1,80.414,-116.704,ATL03_20200701061119_00900804_003_01.h5,45,66,210
195,20200701,16:21.4,90,1,78819381.31,78819381.48,78819381.4,80.396,-116.729,ATL03_20200701061119_00900804_003_01.h5,55,61,60
196,20200701,16:23.8,90,3,78819383.74,78819383.9,78819383.82,80.256,-117.271,ATL03_20200701061119_00900804_003_01.h5,61,69,80
197,20200701,16:25.2,90,3,78819385.08,78819385.24,78819385.16,80.173,-117.376,ATL03_20200701061119_00900804_003_01.h5,50,61,110
198,20200701,41:23.6,89,1,78813683.54,78813683.71,78813683.63,82.878,-88.584,ATL03_20200701043701_00890804_003_01.h5,60,67,70
199,20200701,41:30.9,89,1,78813690.78,78813690.95,78813690.86,82.437,-89.606,ATL03_20200701043701_00890804_003_01.h5,54,60,60
200,20200701,41:31.3,89,3,78813691.19,78813691.35,78813691.27,82.426,-90.09,ATL03_20200701043701_00890804_003_01.h5,56,68,120
201,20200701,41:38.5,89,1,78813698.41,78813698.57,78813698.49,81.97,-90.564,ATL03_20200701043701_00890804_003_01.h5,55,64,90
202,20200702,45:42.3,112,3,78943542.27,78943542.43,78943542.35,80.116,-118.451,ATL03_20200702164541_01120804_003_01.h5,50,59,90
203,20200702,45:44.4,112,3,78943544.35,78943544.51,78943544.43,80.245,-118.614,ATL03_20200702164541_01120804_003_01.h5,47,57,100
204,20200702,50:23.6,105,2,78904223.52,78904223.68,78904223.6,81.532,-109.477,ATL03_20200702054539_01050804_003_01.h5,57,65,80
205,20200702,50:25.7,105,1,78904225.66,78904225.82,78904225.74,81.394,-109.509,ATL03_20200702054539_01050804_003_01.h5,53,63,100
206,20200702,50:27.9,105,3,78904227.85,78904228.01,78904227.93,81.271,-110.109,ATL03_20200702054539_01050804_003_01.h5,50,60,100
207,20200702,50:28.2,105,1,78904228.14,78904228.3,78904228.22,81.241,-109.762,ATL03_20200702054539_01050804_003_01.h5,49,60,110
208,20200702,50:33.0,105,1,78904232.89,78904233.05,78904232.97,80.948,-110.225,ATL03_20200702054539_01050804_003_01.h5,50,60,100
209,20200702,50:34.0,105,1,78904233.94,78904234.1,78904234.02,80.883,-110.324,ATL03_20200702054539_01050804_003_01.h5,36,48,120
210,20200702,50:34.0,105,1,78904233.89,78904234.05,78904233.97,80.886,-110.319,ATL03_20200702054539_01050804_003_01.h5,50,60,100
211,20200702,50:34.2,105,3,78904234.14,78904234.3,78904234.22,80.882,-110.703,ATL03_20200702054539_01050804_003_01.h5,52,98,460
212,20200702,50:34.2,105,3,78904234.17,78904234.33,78904234.25,80.88,-110.706,ATL03_20200702054539_01050804_003_01.h5,47,74,270
213,20200702,50:39.4,105,3,78904239.37,78904239.53,78904239.45,80.558,-111.162,ATL03_20200702054539_01050804_003_01.h5,58,69,110
214,20200702,50:40.9,105,3,78904240.82,78904240.98,78904240.9,80.468,-111.283,ATL03_20200702054539_01050804_003_01.h5,55,62,70
215,20200702,50:44.0,105,2,78904243.92,78904244.08,78904244,80.27,-111.368,ATL03_20200702054539_01050804_003_01.h5,60,70,100
216,20200704,54:16.7,142,2,79113256.67,79113256.83,79113256.75,79.73,-106.736,ATL03_20200704154856_01420803_003_01.h5,60,67,70
217,20200704,54:27.9,142,3,79113267.79,79113267.95,79113267.87,80.428,-107.438,ATL03_20200704155421_01420804_003_01.h5,48,62,140
218,20200705,02:13.7,158,3,79203733.64,79203733.8,79203733.72,77.202,-122.082,ATL03_20200705165734_01580803_003_01.h5,61,70,90
219,20200705,03:20.4,158,1,79203800.35,79203800.52,79203800.43,81.342,-127.082,ATL03_20200705170259_01580804_003_01.h5,53,63,100
220,20200705,03:21.9,158,3,79203801.86,79203802.02,79203801.94,81.451,-126.862,ATL03_20200705170259_01580804_003_01.h5,62,69,70
221,20200705,03:22.2,158,3,79203802.17,79203802.33,79203802.25,81.47,-126.893,ATL03_20200705170259_01580804_003_01.h5,53,63,100
222,20200705,08:40.3,151,2,79164520.17,79164520.33,79164520.25,77.895,-120.382,ATL03_20200705060806_01510805_003_01.h5,52,67,150
223,20200705,08:42.8,151,1,79164522.68,79164522.84,79164522.76,77.734,-120.38,ATL03_20200705060806_01510805_003_01.h5,55,62,70
224,20200705,08:42.9,151,1,79164522.78,79164522.94,79164522.86,77.728,-120.385,ATL03_20200705060806_01510805_003_01.h5,50,56,60
225,20200705,08:47.7,151,1,79164527.63,79164527.79,79164527.71,77.424,-120.64,ATL03_20200705060806_01510805_003_01.h5,42,68,260
226,20200705,55:08.8,156,2,79192508.72,79192508.88,79192508.8,82.769,-82.468,ATL03_20200705135424_01560804_003_01.h5,62,67,50
227,20200707,04:23.2,186,1,79362263.11,79362263.28,79362263.19,84.773,-77.976,ATL03_20200707130305_01860804_003_01.h5,56,69,130
228,20200707,12:19.7,188,3,79373539.64,79373539.8,79373539.72,82.495,-117.414,ATL03_20200707161140_01880804_003_01.h5,49,60,110
229,20200707,12:20.3,188,1,79373540.26,79373540.43,79373540.34,82.515,-117.923,ATL03_20200707161140_01880804_003_01.h5,61,78,170
230,20200707,12:22.0,188,3,79373541.93,79373542.09,79373542.01,82.635,-117.72,ATL03_20200707161140_01880804_003_01.h5,56,65,90
231,20200707,12:22.8,188,3,79373542.76,79373542.93,79373542.85,82.686,-117.834,ATL03_20200707161140_01880804_003_01.h5,62,75,130
232,20200707,12:23.1,188,2,79373543,79373543.16,79373543.08,82.691,-118.084,ATL03_20200707161140_01880804_003_01.h5,50,57,70
233,20200707,12:23.4,188,3,79373543.3,79373543.47,79373543.39,82.719,-117.909,ATL03_20200707161140_01880804_003_01.h5,59,72,130
234,20200707,12:25.4,188,3,79373545.32,79373545.48,79373545.4,82.842,-118.195,ATL03_20200707161140_01880804_003_01.h5,42,48,60
235,20200707,12:26.2,188,2,79373546.15,79373546.31,79373546.23,82.883,-118.538,ATL03_20200707161140_01880804_003_01.h5,50,58,80
236,20200707,12:27.1,188,1,79373547.06,79373547.22,79373547.14,82.929,-118.897,ATL03_20200707161140_01880804_003_01.h5,53,60,70
237,20200707,12:28.6,188,2,79373548.56,79373548.73,79373548.65,83.03,-118.902,ATL03_20200707161140_01880804_003_01.h5,56,65,90
238,20200707,12:28.9,188,2,79373548.79,79373548.96,79373548.88,83.044,-118.937,ATL03_20200707161140_01880804_003_01.h5,47,62,150
239,20200707,12:33.3,188,2,79373553.18,79373553.35,79373553.26,83.31,-119.64,ATL03_20200707161140_01880804_003_01.h5,56,66,100
240,20200707,12:33.5,188,3,79373553.4,79373553.56,79373553.48,83.333,-119.439,ATL03_20200707161140_01880804_003_01.h5,47,57,100
241,20200707,12:35.0,188,1,79373554.9,79373555.07,79373554.98,83.404,-120.169,ATL03_20200707161140_01880804_003_01.h5,51,60,90
242,20200707,12:38.6,188,2,79373558.55,79373558.71,79373558.63,83.634,-120.577,ATL03_20200707161140_01880804_003_01.h5,52,63,110
243,20200707,12:39.6,188,3,79373559.51,79373559.67,79373559.59,83.702,-120.505,ATL03_20200707161140_01880804_003_01.h5,53,62,90
244,20200707,12:40.1,188,2,79373559.99,79373560.16,79373560.08,83.721,-120.845,ATL03_20200707161140_01880804_003_01.h5,57,64,70
245,20200707,12:42.7,188,1,79373562.57,79373562.74,79373562.65,83.865,-121.596,ATL03_20200707161140_01880804_003_01.h5,53,64,110
246,20200707,12:42.8,188,3,79373562.68,79373562.85,79373562.76,83.893,-121.109,ATL03_20200707161140_01880804_003_01.h5,57,64,70
247,20200707,12:47.8,188,3,79373567.74,79373567.91,79373567.83,84.196,-122.15,ATL03_20200707161140_01880804_003_01.h5,54,60,60
248,20200707,12:50.0,188,3,79373569.87,79373570.04,79373569.96,84.323,-122.621,ATL03_20200707161140_01880804_003_01.h5,69,74,50
249,20200707,13:00.4,188,3,79373580.3,79373580.47,79373580.38,84.938,-125.256,ATL03_20200707161140_01880804_003_01.h5,54,66,120
250,20200707,37:48.0,187,2,79367867.92,79367868.09,79367868.01,81.61,-92.31,ATL03_20200707143722_01870804_003_01.h5,49,65,160
251,20200707,49:53.9,182,1,79339793.77,79339793.94,79339793.85,84.302,-120.761,ATL03_20200707064555_01820804_003_01.h5,50,59,90
252,20200707,49:54.4,182,3,79339794.29,79339794.46,79339794.37,84.29,-121.435,ATL03_20200707064555_01820804_003_01.h5,50,62,120
253,20200707,50:00.5,182,1,79339800.39,79339800.56,79339800.47,83.908,-122.194,ATL03_20200707064555_01820804_003_01.h5,42,68,260
254,20200708,12:46.8,202,2,79452766.69,79452766.85,79452766.77,83.92,-92.179,ATL03_20200708141143_02020804_003_01.h5,57,68,110
255,20200708,12:48.6,202,3,79452768.5,79452768.66,79452768.58,84.039,-92.288,ATL03_20200708141143_02020804_003_01.h5,49,61,120
256,20200708,12:52.0,202,3,79452771.91,79452772.08,79452771.99,84.243,-93.013,ATL03_20200708141143_02020804_003_01.h5,55,65,100
257,20200708,12:53.2,202,3,79452773.07,79452773.24,79452773.15,84.312,-93.272,ATL03_20200708141143_02020804_003_01.h5,58,67,90
258,20200708,12:59.5,202,3,79452779.37,79452779.54,79452779.45,84.685,-94.788,ATL03_20200708141143_02020804_003_01.h5,57,61,40
259,20200708,13:01.9,202,2,79452781.79,79452781.96,79452781.87,84.815,-95.72,ATL03_20200708141143_02020804_003_01.h5,58,71,130
260,20200708,13:02.4,202,1,79452782.32,79452782.5,79452782.41,84.834,-96.162,ATL03_20200708141143_02020804_003_01.h5,53,69,160
261,20200708,13:02.8,202,3,79452782.69,79452782.86,79452782.77,84.88,-95.674,ATL03_20200708141143_02020804_003_01.h5,50,68,180
262,20200708,13:03.1,202,3,79452783.06,79452783.23,79452783.15,84.902,-95.778,ATL03_20200708141143_02020804_003_01.h5,55,68,130
263,20200708,13:05.0,202,2,79452784.91,79452785.08,79452784.99,84.997,-96.605,ATL03_20200708141143_02020804_003_01.h5,77,91,140
264,20200708,24:05.9,197,2,79424645.78,79424645.95,79424645.87,84.831,-113.122,ATL03_20200708062016_01970804_003_01.h5,65,71,60
265,20200708,24:12.7,197,1,79424652.63,79424652.8,79424652.72,84.418,-114.594,ATL03_20200708062016_01970804_003_01.h5,66,72,60
266,20200708,24:14.6,197,1,79424654.49,79424654.66,79424654.58,84.308,-115.031,ATL03_20200708062016_01970804_003_01.h5,57,65,80
267,20200708,24:14.6,197,1,79424654.48,79424654.64,79424654.56,84.309,-115.027,ATL03_20200708062016_01970804_003_01.h5,64,74,100
268,20200708,24:15.8,197,2,79424655.7,79424655.86,79424655.78,84.246,-115.582,ATL03_20200708062016_01970804_003_01.h5,54,62,80
269,20200708,24:17.8,197,1,79424657.74,79424657.91,79424657.83,84.115,-115.759,ATL03_20200708062016_01970804_003_01.h5,65,72,70
270,20200708,24:23.3,197,1,79424663.18,79424663.35,79424663.27,83.79,-116.879,ATL03_20200708062016_01970804_003_01.h5,56,64,80
271,20200708,24:23.6,197,2,79424663.53,79424663.69,79424663.61,83.778,-117.202,ATL03_20200708062016_01970804_003_01.h5,54,61,70
272,20200708,24:33.3,197,3,79424673.27,79424673.43,79424673.35,83.198,-119.15,ATL03_20200708062016_01970804_003_01.h5,58,64,60
273,20200708,24:33.9,197,1,79424673.8,79424673.97,79424673.89,83.15,-118.762,ATL03_20200708062016_01970804_003_01.h5,50,62,120
274,20200708,24:35.8,197,3,79424675.67,79424675.83,79424675.75,83.052,-119.524,ATL03_20200708062016_01970804_003_01.h5,52,60,80
275,20200708,24:37.6,197,1,79424677.53,79424677.69,79424677.61,82.924,-119.346,ATL03_20200708062016_01970804_003_01.h5,59,67,80
276,20200708,24:38.8,197,1,79424678.75,79424678.91,79424678.83,82.85,-119.527,ATL03_20200708062016_01970804_003_01.h5,45,60,150
277,20200708,24:39.7,197,3,79424679.61,79424679.78,79424679.69,82.812,-120.106,ATL03_20200708062016_01970804_003_01.h5,50,63,130
278,20200708,24:44.5,197,2,79424684.38,79424684.54,79424684.46,82.514,-120.543,ATL03_20200708062016_01970804_003_01.h5,45,62,170
279,20200708,24:44.7,197,3,79424684.57,79424684.74,79424684.65,82.509,-120.786,ATL03_20200708062016_01970804_003_01.h5,63,69,60
280,20200708,24:46.5,197,2,79424686.41,79424686.57,79424686.49,82.39,-120.811,ATL03_20200708062016_01970804_003_01.h5,51,67,160
281,20200708,24:49.2,197,1,79424689.1,79424689.27,79424689.19,82.218,-120.944,ATL03_20200708062016_01970804_003_01.h5,60,68,80
282,20200708,24:50.6,197,1,79424690.52,79424690.69,79424690.61,82.131,-121.121,ATL03_20200708062016_01970804_003_01.h5,54,62,80
283,20200708,46:30.8,203,1,79458390.75,79458390.92,79458390.84,81.884,-110.92,ATL03_20200708154600_02030804_003_01.h5,60,75,150
284,20200708,46:30.8,203,1,79458390.72,79458390.88,79458390.8,81.882,-110.916,ATL03_20200708154600_02030804_003_01.h5,49,65,160
285,20200708,46:31.9,203,3,79458391.81,79458391.98,79458391.9,81.966,-110.645,ATL03_20200708154600_02030804_003_01.h5,69,87,180
286,20200708,46:32.7,203,1,79458392.64,79458392.81,79458392.73,82,-111.142,ATL03_20200708154600_02030804_003_01.h5,56,73,170
287,20200708,46:36.0,203,1,79458395.91,79458396.07,79458395.99,82.2,-111.542,ATL03_20200708154600_02030804_003_01.h5,54,64,100
288,20200708,46:36.0,203,1,79458395.94,79458396.1,79458396.02,82.202,-111.546,ATL03_20200708154600_02030804_003_01.h5,59,66,70
289,20200708,46:38.1,203,2,79458398.03,79458398.2,79458398.12,82.339,-111.605,ATL03_20200708154600_02030804_003_01.h5,62,74,120
290,20200708,46:48.2,203,3,79458408.09,79458408.25,79458408.17,82.962,-112.775,ATL03_20200708154600_02030804_003_01.h5,54,66,120
291,20200708,46:49.4,203,1,79458409.36,79458409.52,79458409.44,83.02,-113.419,ATL03_20200708154600_02030804_003_01.h5,47,62,150
292,20200708,46:53.7,203,1,79458413.65,79458413.81,79458413.73,83.28,-114.111,ATL03_20200708154600_02030804_003_01.h5,61,68,70
293,20200708,46:54.2,203,1,79458414.11,79458414.28,79458414.19,83.308,-114.189,ATL03_20200708154600_02030804_003_01.h5,63,74,110
294,20200708,46:54.8,203,2,79458414.76,79458414.92,79458414.84,83.357,-114.062,ATL03_20200708154600_02030804_003_01.h5,57,70,130
295,20200708,46:55.8,203,1,79458415.7,79458415.87,79458415.78,83.404,-114.461,ATL03_20200708154600_02030804_003_01.h5,54,63,90
296,20200708,46:57.5,203,1,79458417.39,79458417.56,79458417.47,83.506,-114.759,ATL03_20200708154600_02030804_003_01.h5,58,78,200
297,20200708,47:05.8,203,3,79458425.76,79458425.93,79458425.85,84.03,-115.859,ATL03_20200708154600_02030804_003_01.h5,49,67,180
298,20200708,47:08.2,203,3,79458428.11,79458428.27,79458428.19,84.17,-116.349,ATL03_20200708154600_02030804_003_01.h5,58,71,130
299,20200708,47:12.7,203,2,79458432.63,79458432.8,79458432.72,84.428,-117.643,ATL03_20200708154600_02030804_003_01.h5,56,67,110
300,20200708,47:14.4,203,1,79458434.29,79458434.46,79458434.37,84.514,-118.322,ATL03_20200708154600_02030804_003_01.h5,55,81,260
301,20200708,47:18.6,203,1,79458438.48,79458438.65,79458438.56,84.76,-119.411,ATL03_20200708154600_02030804_003_01.h5,59,81,220
302,20200708,47:20.4,203,1,79458440.31,79458440.48,79458440.39,84.867,-119.92,ATL03_20200708154600_02030804_003_01.h5,57,66,90
303,20200708,47:20.4,203,1,79458440.34,79458440.52,79458440.43,84.869,-119.93,ATL03_20200708154600_02030804_003_01.h5,57,68,110
304,20200708,49:48.2,196,1,79418988.16,79418988.33,79418988.25,84.833,-89.155,ATL03_20200708044559_01960804_003_01.h5,62,74,120
305,20200708,49:55.9,196,1,79418995.79,79418995.96,79418995.87,84.385,-91.12,ATL03_20200708044559_01960804_003_01.h5,51,65,140
306,20200711,04:04.3,249,1,79718644.18,79718644.34,79718644.26,82.621,-118.939,ATL03_20200711160321_02490804_003_01.h5,45,59,140
307,20200711,04:04.3,249,1,79718644.19,79718644.36,79718644.28,82.622,-118.942,ATL03_20200711160321_02490804_003_01.h5,52,69,170
308,20200711,07:53.6,242,3,79679273.55,79679273.71,79679273.63,82.189,-104.326,ATL03_20200711050319_02420804_003_01.h5,43,66,230
309,20200711,29:43.3,248,3,79712983.25,79712983.42,79712983.34,82.428,-94.44,ATL03_20200711142904_02480804_003_01.h5,61,76,150
310,20200711,29:47.8,248,3,79712987.74,79712987.9,79712987.82,82.702,-95.04,ATL03_20200711142904_02480804_003_01.h5,48,65,170
311,20200711,29:47.9,248,3,79712987.87,79712988.03,79712987.95,82.71,-95.058,ATL03_20200711142904_02480804_003_01.h5,50,59,90
312,20200712,04:22.7,263,1,79797862.58,79797862.74,79797862.66,83.507,-91.937,ATL03_20200712140325_02630804_003_01.h5,62,70,80
313,20200712,04:36.0,263,3,79797875.96,79797876.13,79797876.05,84.33,-94.118,ATL03_20200712140325_02630804_003_01.h5,49,71,220
314,20200712,04:37.2,263,1,79797877.11,79797877.28,79797877.19,84.375,-94.929,ATL03_20200712140325_02630804_003_01.h5,59,69,100
315,20200712,15:51.9,258,3,79769751.82,79769751.99,79769751.91,84.63,-115.145,ATL03_20200712061158_02580804_003_01.h5,60,71,110
316,20200712,15:59.4,258,3,79769759.3,79769759.47,79769759.39,84.186,-116.89,ATL03_20200712061158_02580804_003_01.h5,39,74,350
317,20200712,16:14.0,258,1,79769773.92,79769774.08,79769774,83.291,-119.158,ATL03_20200712061158_02580804_003_01.h5,51,67,160
318,20200712,16:25.2,258,3,79769785.14,79769785.3,79769785.22,82.624,-121.313,ATL03_20200712061158_02580804_003_01.h5,53,68,150
319,20200712,16:25.4,258,1,79769785.33,79769785.49,79769785.41,82.598,-120.9,ATL03_20200712061158_02580804_003_01.h5,56,63,70
320,20200712,16:27.7,258,1,79769787.62,79769787.79,79769787.71,82.458,-121.213,ATL03_20200712061158_02580804_003_01.h5,48,68,200
321,20200712,16:28.4,258,1,79769788.31,79769788.48,79769788.39,82.416,-121.305,ATL03_20200712061158_02580804_003_01.h5,49,60,110
322,20200712,37:45.7,264,1,79803465.66,79803465.82,79803465.74,80.172,-109.013,ATL03_20200712153742_02640804_003_01.h5,48,58,100
323,20200712,37:48.6,264,3,79803468.52,79803468.68,79803468.6,80.364,-108.911,ATL03_20200712153742_02640804_003_01.h5,58,70,120
324,20200712,37:59.6,264,3,79803479.55,79803479.71,79803479.63,81.048,-109.876,ATL03_20200712153742_02640804_003_01.h5,62,79,170
325,20200712,38:13.9,264,3,79803493.85,79803494.01,79803493.93,81.93,-111.356,ATL03_20200712153742_02640804_003_01.h5,53,70,170
326,20200712,38:16.4,264,1,79803496.31,79803496.47,79803496.39,82.064,-112.047,ATL03_20200712153742_02640804_003_01.h5,56,68,120
327,20200712,38:27.1,264,3,79803506.97,79803507.14,79803507.05,82.734,-113.014,ATL03_20200712153742_02640804_003_01.h5,63,76,130
328,20200712,38:30.0,264,1,79803509.87,79803510.04,79803509.95,82.892,-113.876,ATL03_20200712153742_02640804_003_01.h5,63,82,190
329,20200712,38:41.4,264,1,79803521.28,79803521.44,79803521.36,83.582,-115.766,ATL03_20200712153742_02640804_003_01.h5,55,83,280
330,20200712,38:44.2,264,1,79803524.16,79803524.32,79803524.24,83.755,-116.307,ATL03_20200712153742_02640804_003_01.h5,52,69,170
331,20200712,38:45.2,264,1,79803525.14,79803525.31,79803525.22,83.814,-116.499,ATL03_20200712153742_02640804_003_01.h5,60,69,90
332,20200712,41:30.7,257,1,79764090.58,79764090.75,79764090.66,84.833,-89.933,ATL03_20200712043741_02570804_003_01.h5,58,70,120
333,20200712,41:33.3,257,3,79764093.18,79764093.35,79764093.27,84.701,-91.232,ATL03_20200712043741_02570804_003_01.h5,61,73,120
334,20200712,42:13.2,257,3,79764133.13,79764133.29,79764133.21,82.292,-98.41,ATL03_20200712043741_02570804_003_01.h5,57,66,90
335,20200712,42:46.2,257,2,79764166.1,79764166.26,79764166.18,80.251,-101.53,ATL03_20200712043741_02570804_003_01.h5,45,60,150
336,20200713,12:46.6,279,3,79888366.47,79888366.64,79888366.56,82.631,-107.07,ATL03_20200713151204_02790804_003_01.h5,62,73,110
337,20200713,12:48.3,279,1,79888368.27,79888368.43,79888368.35,82.722,-107.755,ATL03_20200713151204_02790804_003_01.h5,44,61,170
338,20200713,12:48.4,279,2,79888368.34,79888368.51,79888368.43,82.736,-107.548,ATL03_20200713151204_02790804_003_01.h5,54,64,100
339,20200713,12:48.4,279,3,79888368.36,79888368.52,79888368.44,82.746,-107.33,ATL03_20200713151204_02790804_003_01.h5,58,61,30
340,20200713,12:49.1,279,1,79888369.04,79888369.2,79888369.12,82.769,-107.867,ATL03_20200713151204_02790804_003_01.h5,54,63,90
341,20200713,12:49.1,279,2,79888369,79888369.16,79888369.08,82.776,-107.641,ATL03_20200713151204_02790804_003_01.h5,54,61,70
342,20200713,12:49.2,279,3,79888369.13,79888369.29,79888369.21,82.793,-107.439,ATL03_20200713151204_02790804_003_01.h5,58,68,100
343,20200713,12:49.3,279,3,79888369.18,79888369.34,79888369.26,82.796,-107.446,ATL03_20200713151204_02790804_003_01.h5,57,68,110
344,20200713,12:49.3,279,3,79888369.21,79888369.37,79888369.29,82.798,-107.45,ATL03_20200713151204_02790804_003_01.h5,52,81,290
345,20200713,12:49.6,279,2,79888369.56,79888369.72,79888369.64,82.81,-107.722,ATL03_20200713151204_02790804_003_01.h5,59,71,120
346,20200713,12:50.8,279,3,79888370.7,79888370.87,79888370.78,82.889,-107.665,ATL03_20200713151204_02790804_003_01.h5,52,63,110
347,20200713,12:52.6,279,1,79888372.48,79888372.64,79888372.56,82.978,-108.38,ATL03_20200713151204_02790804_003_01.h5,56,65,90
348,20200713,12:53.9,279,1,79888373.79,79888373.96,79888373.88,83.058,-108.585,ATL03_20200713151204_02790804_003_01.h5,61,66,50
349,20200713,12:54.5,279,3,79888374.4,79888374.56,79888374.48,83.114,-108.221,ATL03_20200713151204_02790804_003_01.h5,50,66,160
350,20200713,13:00.9,279,2,79888380.85,79888381.02,79888380.93,83.495,-109.522,ATL03_20200713151204_02790804_003_01.h5,57,67,100
351,20200713,13:05.0,279,2,79888384.9,79888385.07,79888384.99,83.739,-110.261,ATL03_20200713151204_02790804_003_01.h5,57,72,150
352,20200713,13:09.3,279,1,79888389.22,79888389.39,79888389.3,83.987,-111.371,ATL03_20200713151204_02790804_003_01.h5,60,73,130
353,20200713,13:09.4,279,3,79888389.34,79888389.51,79888389.43,84.016,-110.878,ATL03_20200713151204_02790804_003_01.h5,58,77,190
354,20200713,13:09.6,279,3,79888389.49,79888389.66,79888389.58,84.025,-110.908,ATL03_20200713151204_02790804_003_01.h5,59,87,280
355,20200713,13:18.2,279,2,79888398.09,79888398.26,79888398.17,84.525,-113.106,ATL03_20200713151204_02790804_003_01.h5,54,64,100
356,20200713,13:18.2,279,3,79888398.09,79888398.26,79888398.18,84.537,-112.826,ATL03_20200713151204_02790804_003_01.h5,55,66,110
357,20200713,13:24.5,279,2,79888404.37,79888404.54,79888404.46,84.894,-114.761,ATL03_20200713151204_02790804_003_01.h5,51,64,130
358,20200713,46:41.3,280,3,79894001.19,79894001.36,79894001.27,81.232,-128.066,ATL03_20200713164621_02800804_003_01.h5,52,65,130
359,20200713,46:43.5,280,3,79894003.46,79894003.62,79894003.54,81.372,-128.291,ATL03_20200713164621_02800804_003_01.h5,61,68,70
360,20200713,46:43.6,280,3,79894003.49,79894003.65,79894003.57,81.374,-128.294,ATL03_20200713164621_02800804_003_01.h5,52,79,270
361,20200713,46:46.1,280,3,79894005.99,79894006.15,79894006.07,81.528,-128.55,ATL03_20200713164621_02800804_003_01.h5,45,59,140
362,20200713,46:47.0,280,1,79894006.97,79894007.13,79894007.05,81.572,-129.035,ATL03_20200713164621_02800804_003_01.h5,55,65,100
363,20200713,46:47.9,280,2,79894007.84,79894008,79894007.92,81.634,-128.938,ATL03_20200713164621_02800804_003_01.h5,56,68,120
364,20200713,46:50.5,280,1,79894010.38,79894010.54,79894010.46,81.782,-129.413,ATL03_20200713164621_02800804_003_01.h5,51,59,80
365,20200713,46:50.6,280,3,79894010.5,79894010.66,79894010.58,81.806,-129.034,ATL03_20200713164621_02800804_003_01.h5,60,67,70
366,20200713,46:51.2,280,3,79894011.15,79894011.31,79894011.23,81.846,-129.107,ATL03_20200713164621_02800804_003_01.h5,54,62,80
367,20200713,50:14.5,273,3,79854614.42,79854614.58,79854614.5,84.548,-109.784,ATL03_20200713054619_02730804_003_01.h5,61,72,110
368,20200713,50:14.5,273,3,79854614.4,79854614.57,79854614.48,84.549,-109.78,ATL03_20200713054619_02730804_003_01.h5,58,68,100
369,20200713,50:15.2,273,3,79854615.11,79854615.28,79854615.19,84.507,-109.953,ATL03_20200713054619_02730804_003_01.h5,50,64,140
370,20200713,50:16.2,273,1,79854616.1,79854616.27,79854616.18,84.429,-109.621,ATL03_20200713054619_02730804_003_01.h5,58,71,130
371,20200713,50:20.9,273,2,79854620.86,79854621.03,79854620.94,84.156,-110.987,ATL03_20200713054619_02730804_003_01.h5,57,68,110
372,20200713,50:21.1,273,1,79854620.99,79854621.16,79854621.08,84.139,-110.744,ATL03_20200713054619_02730804_003_01.h5,61,72,110
373,20200713,50:27.2,273,2,79854627.11,79854627.28,79854627.2,83.782,-112.262,ATL03_20200713054619_02730804_003_01.h5,62,72,100
374,20200713,50:33.0,273,1,79854632.95,79854633.12,79854633.04,83.422,-113.079,ATL03_20200713054619_02730804_003_01.h5,52,74,220
375,20200713,50:34.6,273,2,79854634.51,79854634.68,79854634.59,83.336,-113.589,ATL03_20200713054619_02730804_003_01.h5,57,76,190
376,20200713,50:57.1,273,2,79854657.04,79854657.2,79854657.12,81.962,-116.742,ATL03_20200713054619_02730804_003_01.h5,50,68,180
377,20200713,50:57.1,273,2,79854657.01,79854657.17,79854657.09,81.964,-116.738,ATL03_20200713054619_02730804_003_01.h5,49,63,140
378,20200714,21:25.8,295,3,79978885.69,79978885.85,79978885.77,82.666,-125.051,ATL03_20200714162042_02950804_003_01.h5,41,55,140
379,20200714,21:41.4,295,3,79978901.36,79978901.53,79978901.44,83.618,-127.512,ATL03_20200714162042_02950804_003_01.h5,61,67,60
380,20200714,21:47.0,295,3,79978906.88,79978907.05,79978906.96,83.95,-128.557,ATL03_20200714162042_02950804_003_01.h5,59,73,140
381,20200714,25:07.5,288,1,79939507.45,79939507.62,79939507.54,82.616,-109.445,ATL03_20200714052041_02880804_003_01.h5,56,61,50
382,20200714,47:36.6,294,2,79973256.47,79973256.64,79973256.55,84.36,-106.731,ATL03_20200714144625_02940804_003_01.h5,54,58,40
383,20200714,47:40.0,294,3,79973259.89,79973260.06,79973259.97,84.574,-107.271,ATL03_20200714144625_02940804_003_01.h5,68,74,60
384,20200714,47:41.2,294,1,79973261.14,79973261.31,79973261.22,84.624,-108.154,ATL03_20200714144625_02940804_003_01.h5,63,68,50
385,20200714,47:41.8,294,1,79973261.7,79973261.87,79973261.79,84.657,-108.3,ATL03_20200714144625_02940804_003_01.h5,56,63,70
386,20200714,47:42.8,294,2,79973262.7,79973262.87,79973262.79,84.728,-108.277,ATL03_20200714144625_02940804_003_01.h5,71,81,100
387,20200714,47:43.2,294,1,79973263.08,79973263.25,79973263.17,84.738,-108.667,ATL03_20200714144625_02940804_003_01.h5,63,79,160
388,20200714,47:43.3,294,1,79973263.25,79973263.42,79973263.34,84.748,-108.713,ATL03_20200714144625_02940804_003_01.h5,58,68,100
389,20200714,47:43.7,294,2,79973263.59,79973263.76,79973263.68,84.78,-108.514,ATL03_20200714144625_02940804_003_01.h5,61,73,120
390,20200714,47:43.7,294,2,79973263.66,79973263.83,79973263.74,84.784,-108.532,ATL03_20200714144625_02940804_003_01.h5,55,66,110
391,20200714,50:29.6,287,1,79933829.52,79933829.69,79933829.61,83.855,-82.422,ATL03_20200714034623_02870804_003_01.h5,56,62,60
392,20200714,50:34.0,287,1,79933833.92,79933834.09,79933834,83.591,-83.263,ATL03_20200714034623_02870804_003_01.h5,53,60,70
393,20200714,50:47.2,287,2,79933847.15,79933847.31,79933847.23,82.798,-85.651,ATL03_20200714034623_02870804_003_01.h5,63,76,130
394,20200714,50:47.4,287,3,79933847.36,79933847.53,79933847.44,82.792,-85.908,ATL03_20200714034623_02870804_003_01.h5,66,73,70
395,20200714,58:49.2,289,1,79945129.14,79945129.31,79945129.23,84.757,-126.091,ATL03_20200714065458_02890804_003_01.h5,59,69,100
396,20200714,58:49.7,289,3,79945129.61,79945129.78,79945129.7,84.75,-126.814,ATL03_20200714065458_02890804_003_01.h5,63,69,60
397,20200714,58:52.0,289,1,79945131.92,79945132.09,79945132.01,84.594,-126.824,ATL03_20200714065458_02890804_003_01.h5,55,65,100
398,20200714,58:52.2,289,1,79945132.14,79945132.31,79945132.23,84.581,-126.881,ATL03_20200714065458_02890804_003_01.h5,59,67,80
399,20200714,58:52.2,289,3,79945132.16,79945132.33,79945132.24,84.6,-127.467,ATL03_20200714065458_02890804_003_01.h5,57,69,120
400,20200714,58:53.1,289,1,79945133.06,79945133.23,79945133.14,84.527,-127.112,ATL03_20200714065458_02890804_003_01.h5,35,68,330
401,20200714,58:56.8,289,2,79945136.76,79945136.93,79945136.84,84.318,-128.28,ATL03_20200714065458_02890804_003_01.h5,49,59,100
402,20200714,58:57.4,289,1,79945137.32,79945137.49,79945137.41,84.275,-128.132,ATL03_20200714065458_02890804_003_01.h5,59,71,120
403,20200715,23:39.6,302,3,80018619.47,80018619.75,80018619.61,87.648,-39.1,ATL03_20200715032044_03020804_003_01.h5,96,103,70
404,20200715,23:48.1,302,3,80018627.96,80018628.19,80018628.07,87.314,-48.722,ATL03_20200715032044_03020804_003_01.h5,69,87,180
405,20200715,33:10.1,304,3,80029990.06,80029990.23,80029990.14,84.788,-120.934,ATL03_20200715062919_03040804_003_01.h5,55,61,60
406,20200715,33:13.1,304,2,80029993.03,80029993.2,80029993.12,84.603,-121.412,ATL03_20200715062919_03040804_003_01.h5,49,67,180
407,20200715,33:13.7,304,3,80029993.64,80029993.81,80029993.72,84.577,-121.855,ATL03_20200715062919_03040804_003_01.h5,51,63,120
408,20200715,33:24.6,304,2,80030004.48,80030004.64,80030004.56,83.923,-123.992,ATL03_20200715062919_03040804_003_01.h5,56,67,110
409,20200715,33:29.8,304,2,80030009.74,80030009.9,80030009.82,83.607,-124.997,ATL03_20200715062919_03040804_003_01.h5,55,63,80
410,20200715,33:32.3,304,3,80030012.17,80030012.34,80030012.26,83.468,-125.678,ATL03_20200715062919_03040804_003_01.h5,54,70,160
411,20200715,33:41.1,304,3,80030021.01,80030021.17,80030021.09,82.932,-127.085,ATL03_20200715062919_03040804_003_01.h5,43,58,150
412,20200715,33:47.1,304,3,80030027.01,80030027.17,80030027.09,82.566,-127.928,ATL03_20200715062919_03040804_003_01.h5,48,61,130
413,20200715,33:49.0,304,1,80030028.87,80030029.03,80030028.95,82.438,-127.743,ATL03_20200715062919_03040804_003_01.h5,48,64,160
414,20200715,55:02.0,310,2,80063701.89,80063702.05,80063701.97,79.894,-114.976,ATL03_20200715154938_03100803_003_01.h5,62,80,180
415,20200715,56:19.4,310,3,80063779.35,80063779.52,80063779.44,84.633,-125.425,ATL03_20200715155504_03100804_003_01.h5,43,72,290
416,20200716,09:14.0,319,3,80114953.92,80114954.08,80114954,78.478,-128.043,ATL03_20200716060849_03190805_003_01.h5,41,64,230
417,20200716,21:47.1,323,3,80137306.99,80137307.15,80137307.07,83.53,-68.628,ATL03_20200716122050_03230804_003_01.h5,53,63,100
418,20200716,21:54.6,323,1,80137314.51,80137314.67,80137314.59,83.961,-70.558,ATL03_20200716122050_03230804_003_01.h5,45,65,200
419,20200716,29:20.1,325,1,80148560.05,80148560.21,80148560.13,79.718,-109.225,ATL03_20200716152359_03250803_003_01.h5,59,75,160
420,20200716,29:32.5,325,1,80148572.39,80148572.56,80148572.47,80.484,-110.211,ATL03_20200716152924_03250804_003_01.h5,53,64,110
421,20200716,29:32.8,325,1,80148572.72,80148572.88,80148572.8,80.504,-110.238,ATL03_20200716152924_03250804_003_01.h5,56,64,80
422,20200716,29:35.8,325,2,80148575.73,80148575.89,80148575.81,80.698,-110.329,ATL03_20200716152924_03250804_003_01.h5,45,64,190
423,20200716,29:38.9,325,3,80148578.85,80148579.01,80148578.93,80.899,-110.433,ATL03_20200716152924_03250804_003_01.h5,59,71,120
424,20200716,33:55.8,318,3,80109235.72,80109235.88,80109235.8,82.248,-99.277,ATL03_20200716042923_03180804_003_01.h5,51,60,90
425,20200717,04:00.4,340,3,80233440.28,80233440.44,80233440.36,80.938,-104.779,ATL03_20200717150345_03400804_003_01.h5,51,63,120
426,20200717,37:27.1,341,2,80239047.06,80239047.22,80239047.14,77.782,-125.103,ATL03_20200717163238_03410803_003_01.h5,53,81,280
427,20200717,42:40.0,334,1,80199759.94,80199760.11,80199760.03,81.867,-117.486,ATL03_20200717053801_03340804_003_01.h5,53,71,180
428,20200717,43:10.5,334,3,80199790.44,80199790.6,80199790.52,79.993,-120.713,ATL03_20200717054310_03340805_003_01.h5,39,72,330
429,20200718,04:43.7,354,1,80312683.65,80312683.82,80312683.74,83.368,-80.897,ATL03_20200718130349_03540804_003_01.h5,63,80,170
430,20200720,47:29.4,385,3,80488049.35,80488049.51,80488049.43,82.585,-90.631,ATL03_20200720134648_03850804_003_01.h5,51,71,200
431,20200720,59:43.4,380,3,80459983.3,80459983.46,80459983.38,82.885,-122.267,ATL03_20200720055521_03800804_003_01.h5,51,61,100
432,20200721,06:02.0,396,2,80550361.86,80550362.08,80550361.97,87.175,-20.356,ATL03_20200721070359_03960804_003_01.h5,72,112,400
433,20200721,06:02.7,396,1,80550362.56,80550362.79,80550362.68,87.185,-21.408,ATL03_20200721070359_03960804_003_01.h5,75,88,130
434,20200721,06:03.5,396,1,80550363.43,80550363.66,80550363.54,87.223,-22.228,ATL03_20200721070359_03960804_003_01.h5,73,83,100
435,20200721,06:15.7,396,3,80550375.54,80550375.85,80550375.69,87.734,-35.613,ATL03_20200721070359_03960804_003_01.h5,102,116,140
436,20200721,06:17.2,396,1,80550377.05,80550377.39,80550377.22,87.728,-38.423,ATL03_20200721070359_03960804_003_01.h5,126,138,120
437,20200721,23:57.2,393,1,80533437.04,80533437.39,80533437.22,87.744,-21.381,ATL03_20200721022106_03930804_003_01.h5,123,135,120
438,20200721,24:12.2,393,3,80533452.09,80533452.31,80533452.2,87.229,-39.917,ATL03_20200721022106_03930804_003_01.h5,72,98,260
439,20200721,24:12.3,393,3,80533452.22,80533452.44,80533452.33,87.223,-40.041,ATL03_20200721022106_03930804_003_01.h5,67,82,150
440,20200721,40:06.0,397,3,80556005.9,80556006.09,80556005.99,86.542,-33.665,ATL03_20200721083816_03970804_003_01.h5,70,77,70
441,20200721,40:11.5,397,3,80556011.36,80556011.56,80556011.46,86.821,-37.24,ATL03_20200721083816_03970804_003_01.h5,77,84,70
442,20200721,40:22.7,397,1,80556022.59,80556022.83,80556022.71,87.3,-47.645,ATL03_20200721083816_03970804_003_01.h5,81,100,190
443,20200721,40:22.9,397,1,80556022.76,80556023,80556022.88,87.307,-47.814,ATL03_20200721083816_03970804_003_01.h5,78,89,110
444,20200721,40:25.1,397,1,80556025,80556025.25,80556025.13,87.399,-50.187,ATL03_20200721083816_03970804_003_01.h5,83,92,90
445,20200721,40:26.0,397,3,80556025.89,80556026.14,80556026.01,87.481,-50.39,ATL03_20200721083816_03970804_003_01.h5,87,95,80
446,20200721,40:32.0,397,2,80556031.82,80556032.13,80556031.97,87.673,-58.121,ATL03_20200721083816_03970804_003_01.h5,108,117,90
447,20200721,56:00.8,401,1,80578560.77,80578560.93,80578560.85,82.157,-108.079,ATL03_20200721145526_04010804_003_01.h5,48,68,200
448,20200721,58:12.3,394,3,80539092.12,80539092.52,80539092.32,87.859,-42.157,ATL03_20200721035524_03940804_003_01.h5,134,145,110
449,20200721,58:23.1,394,1,80539102.94,80539103.2,80539103.07,87.461,-55.855,ATL03_20200721035524_03940804_003_01.h5,92,102,100
450,20200721,58:26.5,394,1,80539106.42,80539106.66,80539106.54,87.322,-59.616,ATL03_20200721035524_03940804_003_01.h5,88,97,90
451,20200721,58:26.6,394,1,80539106.45,80539106.69,80539106.57,87.321,-59.64,ATL03_20200721035524_03940804_003_01.h5,76,86,100
452,20200721,58:27.5,394,1,80539107.38,80539107.61,80539107.49,87.282,-60.579,ATL03_20200721035524_03940804_003_01.h5,80,92,120
453,20200721,58:39.5,394,3,80539119.37,80539119.57,80539119.47,86.759,-71.387,ATL03_20200721035524_03940804_003_01.h5,60,78,180
454,20200722,08:34.4,410,1,80629714.28,80629714.44,80629714.36,82.288,-111.72,ATL03_20200722050402_04100804_003_01.h5,55,66,110
455,20200722,08:42.2,410,1,80629722.11,80629722.27,80629722.19,81.808,-112.667,ATL03_20200722050402_04100804_003_01.h5,53,74,210
456,20200722,08:43.6,410,3,80629723.55,80629723.71,80629723.63,81.732,-113.226,ATL03_20200722050402_04100804_003_01.h5,58,69,110
457,20200722,09:12.3,410,3,80629752.27,80629752.43,80629752.35,79.954,-115.831,ATL03_20200722050911_04100805_003_01.h5,53,70,170
458,20200722,09:14.7,410,1,80629754.65,80629754.81,80629754.73,79.796,-115.684,ATL03_20200722050911_04100805_003_01.h5,41,63,220
459,20200722,34:06.5,409,1,80624046.41,80624046.57,80624046.49,82.926,-86.651,ATL03_20200722032945_04090804_003_01.h5,47,56,90
460,20200722,34:06.6,409,1,80624046.54,80624046.7,80624046.62,82.918,-86.671,ATL03_20200722032945_04090804_003_01.h5,43,55,120
461,20200723,30:51.5,430,3,80742651.47,80742651.63,80742651.55,83.793,-76.693,ATL03_20200723122950_04300804_003_01.h5,50,61,110
462,20200723,30:58.6,430,1,80742658.53,80742658.7,80742658.62,84.194,-78.665,ATL03_20200723122950_04300804_003_01.h5,60,70,100
463,20200723,30:58.6,430,1,80742658.55,80742658.72,80742658.64,84.195,-78.669,ATL03_20200723122950_04300804_003_01.h5,56,72,160
464,20200723,30:59.0,430,1,80742658.9,80742659.07,80742658.99,84.216,-78.748,ATL03_20200723122950_04300804_003_01.h5,57,66,90
465,20200723,31:04.7,430,2,80742664.66,80742664.82,80742664.74,84.568,-79.836,ATL03_20200723122950_04300804_003_01.h5,56,70,140
466,20200723,31:31.5,430,3,80742691.39,80742691.57,80742691.48,86.111,-88.766,ATL03_20200723122950_04300804_003_01.h5,64,77,130
467,20200723,43:10.3,425,1,80714590.22,80714590.38,80714590.3,81.355,-107.757,ATL03_20200723043823_04250804_003_01.h5,57,64,70
468,20200723,43:10.5,425,1,80714590.46,80714590.62,80714590.54,81.34,-107.782,ATL03_20200723043823_04250804_003_01.h5,46,55,90
469,20200724,08:18.8,438,1,80788098.71,80788098.88,80788098.8,83.63,-49.648,ATL03_20200724010409_04380804_003_01.h5,52,63,110
470,20200724,16:13.9,440,3,80799373.79,80799373.97,80799373.88,85.97,-86.059,ATL03_20200724041244_04400804_003_01.h5,58,66,80
471,20200724,42:07.2,439,1,80793727.09,80793727.26,80793727.17,85.341,-65.938,ATL03_20200724023826_04390804_003_01.h5,57,69,120
472,20200725,05:24.7,459,3,80906724.62,80906724.79,80906724.71,84.344,-43.579,ATL03_20200725100412_04590804_003_01.h5,54,63,90
473,20200725,39:58.3,460,1,80912398.23,80912398.41,80912398.32,85.271,-72.262,ATL03_20200725113829_04600804_003_01.h5,62,74,120
474,20200725,42:06.2,453,2,80872926.09,80872926.27,80872926.18,85.59,-35.421,ATL03_20200725003828_04530804_003_01.h5,57,69,120
475,20200726,14:21.4,475,3,80997261.33,80997261.5,80997261.42,85.438,-66.75,ATL03_20200726111252_04750804_003_01.h5,65,73,80
476,20200726,25:13.9,470,3,80969113.79,80969113.96,80969113.87,84.9,-81.245,ATL03_20200726032125_04700804_003_01.h5,50,64,140
477,20200726,25:19.6,470,2,80969119.54,80969119.71,80969119.62,84.552,-82.459,ATL03_20200726032125_04700804_003_01.h5,45,65,200
478,20200726,25:51.0,470,1,80969150.9,80969151.06,80969150.98,82.658,-88.071,ATL03_20200726032125_04700804_003_01.h5,45,56,110
479,20200726,50:56.9,469,3,80963456.86,80963457.03,80963456.94,84.869,-57.768,ATL03_20200726014707_04690804_003_01.h5,52,62,100
480,20200727,22:49.0,491,1,81087768.87,81087769.04,81087768.96,84.805,-82.018,ATL03_20200727122130_04910804_003_01.h5,56,65,90
481,20200727,59:33.2,485,3,81053973.07,81053973.24,81053973.15,84.98,-75.153,ATL03_20200727025546_04850804_003_01.h5,50,72,220
482,20200728,33:07.4,500,3,81138787.31,81138787.55,81138787.43,87.414,-42.914,ATL03_20200728023006_05000804_003_01.h5,88,100,120
483,20200728,33:50.6,500,3,81138830.55,81138830.72,81138830.64,85.16,-68.519,ATL03_20200728023006_05000804_003_01.h5,58,68,100
484,20200728,33:53.7,500,3,81138833.61,81138833.78,81138833.7,84.982,-69.431,ATL03_20200728023006_05000804_003_01.h5,58,75,170
485,20200728,34:18.9,500,1,81138858.8,81138858.97,81138858.89,83.466,-74.553,ATL03_20200728023006_05000804_003_01.h5,57,69,120
486,20200728,59:22.0,499,1,81133161.93,81133162.11,81133162.02,85.772,-40.199,ATL03_20200728005549_04990804_003_01.h5,55,67,120
487,20200730,52:26.7,532,3,81319946.66,81319946.82,81319946.74,80.29,-116.964,ATL03_20200730044722_05320804_003_01.h5,45,60,150
488,20200731,51:21.9,546,1,81399081.81,81399081.98,81399081.9,84.426,-77.74,ATL03_20200731024725_05460804_003_01.h5,57,72,150
489,20200801,51:34.7,574,3,81557494.6,81557494.77,81557494.69,84.047,-21.065,ATL03_20200801224731_05740804_003_01.h5,63,70,70
491,20200802,25:35.9,575,1,81563135.85,81563136.02,81563135.93,84.98,-40.14,ATL03_20200802002149_05750804_003_01.h5,49,57,80
492,20200803,23:28.3,596,3,81681808.23,81681808.41,81681808.32,85.732,-46.623,ATL03_20200803092154_05960804_003_01.h5,56,70,140
493,20200806,00:36.9,639,1,81925236.83,81925237,81925236.91,83.209,-118.346,ATL03_20200806045620_06390804_003_01.h5,50,68,180
494,20200808,09:41.9,669,1,82094981.81,82094981.97,82094981.89,81.785,-110.116,ATL03_20200808040502_06690804_003_01.h5,58,65,70
495,20200808,10:02.5,669,3,82095002.43,82095002.59,82095002.51,80.523,-112.506,ATL03_20200808040502_06690804_003_01.h5,52,56,40
497,20200808,32:38.6,675,3,82128758.47,82128758.67,82128758.57,86.696,-121.637,ATL03_20200808133046_06750804_003_01.h5,62,85,230